-- phpMyAdmin SQL Dump
-- version 5.2.1
-- https://www.phpmyadmin.net/
--
-- Gép: 127.0.0.1
-- Létrehozás ideje: 2024. Ápr 30. 11:15
-- Kiszolgáló verziója: 10.4.32-MariaDB
-- PHP verzió: 8.2.12

SET SQL_MODE = "NO_AUTO_VALUE_ON_ZERO";
START TRANSACTION;
SET time_zone = "+00:00";


/*!40101 SET @OLD_CHARACTER_SET_CLIENT=@@CHARACTER_SET_CLIENT */;
/*!40101 SET @OLD_CHARACTER_SET_RESULTS=@@CHARACTER_SET_RESULTS */;
/*!40101 SET @OLD_COLLATION_CONNECTION=@@COLLATION_CONNECTION */;
/*!40101 SET NAMES utf8mb4 */;

--
-- Adatbázis: `projekt`
--
CREATE DATABASE IF NOT EXISTS `projekt` DEFAULT CHARACTER SET utf8mb4 COLLATE utf8mb4_hungarian_ci;
USE `projekt`;

-- --------------------------------------------------------

--
-- Tábla szerkezet ehhez a táblához `hasznaltalkatresz`
--

CREATE TABLE `hasznaltalkatresz` (
  `id` int(11) NOT NULL,
  `userid` int(11) NOT NULL,
  `title` text NOT NULL,
  `description` text NOT NULL,
  `markaid` int(11) NOT NULL,
  `modelid` int(11) NOT NULL,
  `price` int(11) NOT NULL,
  `year` text NOT NULL,
  `varos` text NOT NULL
) ENGINE=InnoDB DEFAULT CHARSET=utf8mb4 COLLATE=utf8mb4_hungarian_ci;

-- --------------------------------------------------------

--
-- Tábla szerkezet ehhez a táblához `hasznaltalkatreszpics`
--

CREATE TABLE `hasznaltalkatreszpics` (
  `id` int(11) NOT NULL,
  `hasznaltalkatreszid` int(11) NOT NULL,
  `picpath` text NOT NULL
) ENGINE=InnoDB DEFAULT CHARSET=utf8mb4 COLLATE=utf8mb4_hungarian_ci;

-- --------------------------------------------------------

--
-- Tábla szerkezet ehhez a táblához `hasznaltauto`
--

CREATE TABLE `hasznaltauto` (
  `id` int(11) NOT NULL,
  `userid` int(11) NOT NULL,
  `title` text NOT NULL,
  `description` text NOT NULL,
  `markaid` int(11) NOT NULL,
  `modelid` int(11) NOT NULL,
  `type` text NOT NULL,
  `gastype` text NOT NULL,
  `price` int(11) NOT NULL,
  `year` text NOT NULL,
  `kmoraallas` int(11) NOT NULL,
  `kivitelid` int(11) NOT NULL,
  `hengerurtartalom` int(11) NOT NULL,
  `kw` int(11) NOT NULL,
  `loero` int(11) NOT NULL,
  `varos` text NOT NULL
) ENGINE=InnoDB DEFAULT CHARSET=utf8mb4 COLLATE=utf8mb4_hungarian_ci;

-- --------------------------------------------------------

--
-- Tábla szerkezet ehhez a táblához `hasznaltautopics`
--

CREATE TABLE `hasznaltautopics` (
  `id` int(11) NOT NULL,
  `hasznalautoid` int(11) NOT NULL,
  `picpath` text NOT NULL
) ENGINE=InnoDB DEFAULT CHARSET=utf8mb4 COLLATE=utf8mb4_hungarian_ci;

-- --------------------------------------------------------

--
-- Tábla szerkezet ehhez a táblához `kivitel`
--

CREATE TABLE `kivitel` (
  `id` int(11) NOT NULL,
  `kivitel` text NOT NULL
) ENGINE=InnoDB DEFAULT CHARSET=utf8mb4 COLLATE=utf8mb4_hungarian_ci;

--
-- A tábla adatainak kiíratása `kivitel`
--

INSERT INTO `kivitel` (`id`, `kivitel`) VALUES
(1, 'Pickup'),
(2, 'Terepjáró'),
(3, 'Buggy'),
(4, 'Cabrio'),
(5, 'Coupe'),
(6, 'Egyterű'),
(7, 'Ferdehátú'),
(8, 'Hot rod'),
(9, 'Kisbusz'),
(10, 'Kombi'),
(11, 'Lépcsőshátú'),
(12, 'Mopedautó'),
(13, 'Sedan'),
(14, 'Sport'),
(15, 'Városi terepjáró (crossover)'),
(16, 'Egyéb');

-- --------------------------------------------------------

--
-- Tábla szerkezet ehhez a táblához `marka`
--

CREATE TABLE `marka` (
  `id` int(11) NOT NULL,
  `marka` text NOT NULL
) ENGINE=InnoDB DEFAULT CHARSET=utf8mb4 COLLATE=utf8mb4_hungarian_ci;

--
-- A tábla adatainak kiíratása `marka`
--

INSERT INTO `marka` (`id`, `marka`) VALUES
(1, 'ABARTH'),
(2, 'ACURA'),
(3, 'AIWAYS'),
(4, 'AIXAM'),
(5, 'ALFA ROMEO'),
(6, 'ALPINA'),
(7, 'ALPINE'),
(8, 'AMICA'),
(9, 'ARO'),
(10, 'ASTON MARTIN'),
(11, 'AUDI'),
(12, 'AUSTIN'),
(13, 'AUTO UNION'),
(14, 'BARKAS'),
(15, 'BENTLEY'),
(16, 'BIRDIECAR'),
(17, 'BLUECAR'),
(18, 'BMW'),
(19, 'BUICK'),
(20, 'BYD'),
(21, 'CADILLAC'),
(22, 'CENNTRO'),
(23, 'CHATENET'),
(24, 'CHEVROLET'),
(25, 'CHRYSLER'),
(26, 'CITROEN'),
(27, 'CUPRA'),
(28, 'DACIA'),
(29, 'DAEWOO'),
(30, 'DAIHATSU'),
(31, 'DATSUN'),
(32, 'DODGE'),
(33, 'DONGFENG (DFSK)'),
(34, 'DS'),
(35, 'EGYEDI'),
(36, 'ELECTROAUTO'),
(37, 'EXCALIBUR'),
(38, 'FERRARI'),
(39, 'FIAT'),
(40, 'FISKER'),
(41, 'FORD'),
(42, 'GAC GONOW'),
(43, 'GAZ'),
(44, 'GENESIS'),
(45, 'GEO'),
(46, 'GMC'),
(47, 'GREAT WALL'),
(48, 'HANOMAG'),
(49, 'HILLMAN'),
(50, 'HONDA'),
(51, 'HUMMER'),
(52, 'HYUNDAI'),
(53, 'INEOS'),
(54, 'INFINITI'),
(55, 'ISUZU'),
(56, 'IVECO'),
(57, 'JAC'),
(58, 'JAGUAR'),
(59, 'JEEP'),
(60, 'KIA'),
(61, 'KTM'),
(62, 'KUBA'),
(63, 'LADA'),
(64, 'LAMBORGHINI'),
(65, 'LANCIA'),
(66, 'LAND ROVER'),
(67, 'LEVC'),
(68, 'LEXUS'),
(69, 'LIGIER'),
(70, 'LINCOLN'),
(71, 'LONDON'),
(72, 'LOTUS'),
(73, 'LTI (CARBODIES)'),
(74, 'LUAZ'),
(75, 'LYNK & CO'),
(76, 'MAHINDRA'),
(77, 'MARUTI'),
(78, 'MASERATI'),
(79, 'MATRA'),
(80, 'MAXUS'),
(81, 'MAYBACH'),
(82, 'MAZDA'),
(83, 'MCLAREN'),
(84, 'MERCEDES-AMG'),
(85, 'MERCEDES-BENZ'),
(86, 'MERCEDES-MAYBACH'),
(87, 'MERCURY'),
(88, 'MG'),
(89, 'MICROCAR'),
(90, 'MINI'),
(91, 'MITSUBISHI'),
(92, 'MORGAN'),
(93, 'MORRIS'),
(94, 'MOSZKVICS'),
(95, 'MPM'),
(96, 'NISSAN'),
(97, 'NSU'),
(98, 'OLDSMOBILE'),
(99, 'OPEL'),
(100, 'PEUGEOT'),
(101, 'PLYMOUTH'),
(102, 'POLARIS'),
(103, 'POLESTAR'),
(104, 'POLSKI FIAT'),
(105, 'PONTIAC'),
(106, 'PORSCHE'),
(107, 'PROTON'),
(108, 'RENAULT'),
(109, 'REPLIKA'),
(110, 'ROLLS-ROYCE'),
(111, 'ROVER'),
(112, 'SAAB'),
(113, 'SCION'),
(114, 'SEAT'),
(115, 'SKODA'),
(116, 'SMART'),
(117, 'SPARTAN'),
(118, 'SSANGYONG'),
(119, 'STEYR PUCH'),
(120, 'SUBARU'),
(121, 'SUZUKI'),
(122, 'TALBOT'),
(123, 'TATA'),
(124, 'TATRA'),
(125, 'TAVRIA'),
(126, 'TESLA'),
(127, 'THINK'),
(128, 'TOYOTA'),
(129, 'TRABANT'),
(130, 'TRIUMPH'),
(131, 'UAZ'),
(132, 'VAUXHALL'),
(133, 'VELOREX'),
(134, 'VERSENYAUTÓ'),
(135, 'VOLGA'),
(136, 'VOLKSWAGEN'),
(137, 'VOLVO'),
(138, 'WARTBURG'),
(139, 'WIESMANN'),
(140, 'XEV'),
(141, 'ZAPOROZSEC'),
(142, 'ZASTAVA'),
(143, 'ZHIDOU'),
(144, 'ZIL'),
(145, 'EGYÉB');

-- --------------------------------------------------------

--
-- Tábla szerkezet ehhez a táblához `model`
--

CREATE TABLE `model` (
  `id` int(11) NOT NULL,
  `markaid` int(11) NOT NULL,
  `model` text NOT NULL
) ENGINE=InnoDB DEFAULT CHARSET=utf8mb4 COLLATE=utf8mb4_hungarian_ci;

--
-- A tábla adatainak kiíratása `model`
--

INSERT INTO `model` (`id`, `markaid`, `model`) VALUES
(1, 1, '124'),
(2, 1, '500'),
(3, 1, '595'),
(4, 1, '695'),
(5, 1, 'PUNTO'),
(6, 1, 'GRANDE PUNTO'),
(7, 1, 'EGYÉB'),
(8, 2, 'MDX'),
(9, 2, 'EGYÉB'),
(10, 3, 'U5'),
(11, 3, 'EGYÉB'),
(12, 4, 'CITY'),
(13, 4, 'CROSSLINE'),
(14, 4, 'MINAUTO'),
(15, 4, 'EGYÉB'),
(16, 5, '145'),
(17, 5, '146'),
(18, 5, '147'),
(19, 5, '155'),
(20, 5, '156'),
(21, 5, '159'),
(22, 5, '164'),
(23, 5, '166'),
(24, 5, '33'),
(25, 5, '4C'),
(26, 5, '75'),
(27, 5, '90'),
(28, 5, 'ALFETTA'),
(29, 5, 'BERLINA'),
(30, 5, 'BRERA'),
(31, 5, 'CROSSWAGON'),
(32, 5, 'GIULIA'),
(33, 5, 'GIULIETTA'),
(34, 5, 'GT'),
(35, 5, 'GTV'),
(36, 5, 'MITO'),
(37, 5, 'SPIDER'),
(38, 5, 'SPRINT'),
(39, 5, 'STELVIO'),
(40, 5, 'TONALE'),
(41, 5, 'EGYÉB'),
(42, 6, 'B10'),
(43, 6, 'B3'),
(44, 6, 'B4'),
(45, 6, 'B5'),
(46, 6, 'B7'),
(47, 6, 'D3'),
(48, 6, 'EGYÉB'),
(49, 7, 'A110'),
(50, 7, 'EGYÉB'),
(51, 8, 'LUNA'),
(52, 8, 'EGYÉB'),
(53, 9, '10'),
(54, 9, '10.3'),
(55, 9, '10.4'),
(56, 9, 'M461'),
(57, 9, 'EGYÉB'),
(58, 10, 'DB7'),
(59, 10, 'DB9'),
(60, 10, 'DBX'),
(61, 10, 'RAPIDE'),
(62, 10, 'VANQUISH'),
(63, 10, 'VANTAGE'),
(64, 10, 'EGYÉB'),
(65, 11, '100'),
(66, 11, '200'),
(67, 11, '80'),
(68, 11, '90'),
(69, 11, 'A1'),
(70, 11, 'A2'),
(71, 11, 'A3'),
(72, 11, 'A3 CABRIO'),
(73, 11, 'A4'),
(74, 11, 'A4 CABRIO'),
(75, 11, 'A5'),
(76, 11, 'A5 CABRIO'),
(77, 11, 'A6'),
(78, 11, 'A7'),
(79, 11, 'A8'),
(80, 11, 'A4 ALLROAD'),
(81, 11, 'A6 ALLROAD'),
(82, 11, 'CABRIO'),
(83, 11, 'COUPE'),
(84, 11, 'E-TRON'),
(85, 11, 'Q2'),
(86, 11, 'Q3'),
(87, 11, 'Q4'),
(88, 11, 'Q5'),
(89, 11, 'Q7'),
(90, 11, 'Q8'),
(91, 11, 'R8'),
(92, 11, 'RS3'),
(93, 11, 'RS4'),
(94, 11, 'RS5'),
(95, 11, 'RS6'),
(96, 11, 'RS7'),
(97, 11, 'S1'),
(98, 11, 'S3'),
(99, 11, 'S4'),
(100, 11, 'S5'),
(101, 11, 'S6'),
(102, 11, 'S7'),
(103, 11, 'S8'),
(104, 11, 'TT'),
(105, 11, 'TTRS'),
(106, 11, 'TTS'),
(107, 11, 'V8'),
(108, 11, 'EGYÉB'),
(109, 12, '1800'),
(110, 12, 'FX4'),
(111, 12, 'MINI'),
(112, 12, 'EGYÉB'),
(113, 13, '1000'),
(114, 13, 'EGYÉB'),
(115, 14, 'B1000'),
(116, 14, 'EGYÉB'),
(117, 15, 'ARNAGE'),
(118, 15, 'BENTAYGA'),
(119, 15, 'BROOKLANDS'),
(120, 15, 'CONTINENTAL'),
(121, 15, 'FLYING SPUR'),
(122, 15, 'MK 6'),
(123, 15, 'EGYÉB'),
(124, 16, 'EGYÉB'),
(125, 17, 'BLUECAR'),
(126, 17, 'EGYÉB'),
(127, 18, '114'),
(128, 18, '116'),
(129, 18, '118'),
(130, 18, '120'),
(131, 18, '123'),
(132, 18, '125'),
(133, 18, '130'),
(134, 18, '135'),
(135, 18, '140'),
(136, 18, '214'),
(137, 18, '216'),
(138, 18, '218'),
(139, 18, '220'),
(140, 18, '225'),
(141, 18, '228'),
(142, 18, '230'),
(143, 18, 'M235I'),
(144, 18, 'M240I'),
(145, 18, '315'),
(146, 18, '316'),
(147, 18, '318'),
(148, 18, '318 GRAN TURISMO'),
(149, 18, '320'),
(150, 18, '320 GRAN TURISMO'),
(151, 18, '323'),
(152, 18, '324'),
(153, 18, '325'),
(154, 18, '328'),
(155, 18, '330'),
(156, 18, '330 GRAN TURISMO'),
(157, 18, '335'),
(158, 18, '340'),
(159, 18, '340 GRAN TURISMO'),
(160, 18, '418'),
(161, 18, '420'),
(162, 18, '425'),
(163, 18, '428'),
(164, 18, '430'),
(165, 18, '435'),
(166, 18, '440'),
(167, 18, '518'),
(168, 18, '520'),
(169, 18, '523'),
(170, 18, '524'),
(171, 18, '525'),
(172, 18, '528'),
(173, 18, '530'),
(174, 18, '535'),
(175, 18, '540'),
(176, 18, '545'),
(177, 18, '550'),
(178, 18, 'GRAN TURISMO'),
(179, 18, '630'),
(180, 18, '633'),
(181, 18, '635'),
(182, 18, '640'),
(183, 18, '645'),
(184, 18, '650'),
(185, 18, '725'),
(186, 18, '728'),
(187, 18, '730'),
(188, 18, '732'),
(189, 18, '735'),
(190, 18, '740'),
(191, 18, '745'),
(192, 18, '750'),
(193, 18, '760'),
(194, 18, '840'),
(195, 18, '850'),
(196, 18, 'I3'),
(197, 18, 'I4'),
(198, 18, 'I5'),
(199, 18, 'I7'),
(200, 18, 'I8'),
(201, 18, 'IX'),
(202, 18, 'IX1'),
(203, 18, 'IX2'),
(204, 18, 'IX3'),
(205, 18, 'M1'),
(206, 18, 'M2'),
(207, 18, 'M3'),
(208, 18, 'M4'),
(209, 18, 'M5'),
(210, 18, 'M6'),
(211, 18, 'M7'),
(212, 18, 'M8'),
(213, 18, '1502'),
(214, 18, '1602'),
(215, 18, '1802'),
(216, 18, '2000'),
(217, 18, '2002'),
(218, 18, '2800'),
(219, 18, '700'),
(220, 18, 'ISETTA'),
(221, 18, 'X1'),
(222, 18, 'X2'),
(223, 18, 'X3'),
(224, 18, 'X4'),
(225, 18, 'X5'),
(226, 18, 'X6'),
(227, 18, 'X7'),
(228, 18, 'Z3'),
(229, 18, 'Z4'),
(230, 18, 'Z8'),
(231, 18, 'EGYÉB'),
(232, 19, 'ELECTRA'),
(233, 19, 'ENCLAVE'),
(234, 19, 'LE SABRE'),
(235, 19, 'REGAL'),
(236, 19, 'RIVIERA'),
(237, 19, 'SKYLARK'),
(238, 19, 'SPECIAL'),
(239, 19, 'WILDCAT'),
(240, 19, 'EGYÉB'),
(241, 20, 'ATTO 3'),
(242, 20, 'DOLPHIN'),
(243, 20, 'EGYÉB'),
(244, 20, 'HAN'),
(245, 20, 'SEAL'),
(246, 20, 'TANG'),
(247, 20, 'EGYÉB'),
(248, 21, 'ATS'),
(249, 21, 'BLS'),
(250, 21, 'CTS'),
(251, 21, 'DEVILLE'),
(252, 21, 'XT5'),
(253, 21, 'ELDORADO'),
(254, 21, 'ESCALADE'),
(255, 21, 'FLEETWOOD'),
(256, 21, 'SEVILLE'),
(257, 21, 'SRX'),
(258, 21, 'STS'),
(259, 21, 'EGYÉB'),
(260, 22, 'AVANTIER C'),
(261, 22, 'EGYÉB'),
(262, 23, 'STELLA'),
(263, 23, 'EGYÉB'),
(264, 24, 'AVALANCHE'),
(265, 24, 'AVEO'),
(266, 24, 'BEL AIR'),
(267, 24, 'BLAZER'),
(268, 24, 'C10'),
(269, 24, 'CAMARO'),
(270, 24, 'CAPRICE'),
(271, 24, 'CAPTIVA'),
(272, 24, 'CHEVELLE'),
(273, 24, 'CHEVY VAN'),
(274, 24, 'CORVETTE'),
(275, 24, 'CRUZE'),
(276, 24, 'EL CAMINO'),
(277, 24, 'EPICA'),
(278, 24, 'EQUINOX'),
(279, 24, 'EVANDA'),
(280, 24, 'EXPRESS'),
(281, 24, 'HHR'),
(282, 24, 'IMPALA'),
(283, 24, 'KALOS'),
(284, 24, 'LACETTI'),
(285, 24, 'LUMINA'),
(286, 24, 'MALIBU'),
(287, 24, 'MASTER DELUXE'),
(288, 24, 'MATIZ'),
(289, 24, 'MONTE CARLO'),
(290, 24, 'NUBIRA'),
(291, 24, 'ORLANDO'),
(292, 24, 'SILVERADO'),
(293, 24, 'SPARK'),
(294, 24, 'SSR'),
(295, 24, 'SUBURBAN'),
(296, 24, 'TACUMA'),
(297, 24, 'TAHOE'),
(298, 24, 'TRAILBLAZER'),
(299, 24, 'TRANS SPORT'),
(300, 24, 'TRAX'),
(301, 24, 'UPLANDER'),
(302, 24, 'VOLT'),
(303, 24, 'EGYÉB'),
(304, 25, '200'),
(305, 25, '300 C'),
(306, 25, '300 M'),
(307, 25, 'ASPEN'),
(308, 25, 'CROSSFIRE'),
(309, 25, 'FIFTH AVENUE'),
(310, 25, 'IMPERIAL'),
(311, 25, 'LEBARON'),
(312, 25, 'NEW YORKER'),
(313, 25, 'PACIFICA'),
(314, 25, 'PT CRUISER'),
(315, 25, 'SEBRING'),
(316, 25, 'STRATUS'),
(317, 25, 'TOWN & COUNTRY'),
(318, 25, 'VISION'),
(319, 25, 'VOYAGER'),
(320, 25, 'GRAND VOYAGER'),
(321, 25, 'EGYÉB'),
(322, 26, '2CV'),
(323, 26, 'AX'),
(324, 26, 'BERLINGO'),
(325, 26, 'BX'),
(326, 26, 'C-CROSSER'),
(327, 26, 'C-ELYSEE'),
(328, 26, 'C-ZERO'),
(329, 26, 'C1'),
(330, 26, 'C2'),
(331, 26, 'C3'),
(332, 26, 'C3 AIRCROSS'),
(333, 26, 'C3 PICASSO'),
(334, 26, 'C3 PLURIEL'),
(335, 26, 'C4'),
(336, 26, 'C4 AIRCROSS'),
(337, 26, 'C4 CACTUS'),
(338, 26, 'C4 PICASSO'),
(339, 26, 'GRAND C4 PICASSO'),
(340, 26, 'C4 SPACETOURER'),
(341, 26, 'GRAND C4 SPACETOURER'),
(342, 26, 'C4 X'),
(343, 26, 'C5'),
(344, 26, 'C5 AIRCROSS'),
(345, 26, 'C5 X'),
(346, 26, 'C6'),
(347, 26, 'C8'),
(348, 26, 'CX'),
(349, 26, 'DS'),
(350, 26, 'DS3'),
(351, 26, 'DS4'),
(352, 26, 'DS5'),
(353, 26, 'DYANE'),
(354, 26, 'EVASION'),
(355, 26, 'JUMPER'),
(356, 26, 'JUMPY'),
(357, 26, 'MEHARI'),
(358, 26, 'NEMO'),
(359, 26, 'SAXO'),
(360, 26, 'SPACETOURER'),
(361, 26, 'TRACTION AVANT'),
(362, 26, 'XANTIA'),
(363, 26, 'XM'),
(364, 26, 'XSARA'),
(365, 26, 'XSARA PICASSO'),
(366, 26, 'ZX'),
(367, 26, 'EGYÉB'),
(368, 27, 'ATECA'),
(369, 27, 'BORN'),
(370, 27, 'FORMENTOR'),
(371, 27, 'LEON'),
(372, 27, 'EGYÉB'),
(373, 28, '1300'),
(374, 28, '1310'),
(375, 28, 'DOKKER'),
(376, 28, 'DUSTER'),
(377, 28, 'JOGGER'),
(378, 28, 'LODGY'),
(379, 28, 'LOGAN'),
(380, 28, 'SANDERO'),
(381, 28, 'SPRING'),
(382, 28, 'EGYÉB'),
(383, 29, 'ESPERO'),
(384, 29, 'EVANDA'),
(385, 29, 'KALOS'),
(386, 29, 'LACETTI'),
(387, 29, 'LANOS'),
(388, 29, 'LEGANZA'),
(389, 29, 'MATIZ'),
(390, 29, 'NEXIA'),
(391, 29, 'NUBIRA'),
(392, 29, 'RACER'),
(393, 29, 'TACUMA'),
(394, 29, 'TICO'),
(395, 29, 'EGYÉB'),
(396, 30, 'APPLAUSE'),
(397, 30, 'CHARADE'),
(398, 30, 'COPEN'),
(399, 30, 'CUORE'),
(400, 30, 'EGYÉB'),
(401, 30, 'F MODELLE'),
(402, 30, 'FEROZA'),
(403, 30, 'MATERIA'),
(404, 30, 'ROCKY'),
(405, 30, 'SIRION'),
(406, 30, 'TERIOS'),
(407, 30, 'TREVIS'),
(408, 30, 'YRV'),
(409, 30, 'EGYÉB'),
(410, 31, '260 Z'),
(411, 31, '280 Z'),
(412, 31, 'EGYÉB'),
(413, 32, 'AVENGER'),
(414, 32, 'CALIBER'),
(415, 32, 'CARAVAN'),
(416, 32, 'GRAND CARAVAN'),
(417, 32, 'CHALLENGER'),
(418, 32, 'CHARGER'),
(419, 32, 'DAKOTA'),
(420, 32, 'DART'),
(421, 32, 'DURANGO'),
(422, 32, 'EGYÉB'),
(423, 32, 'JOURNEY'),
(424, 32, 'MAGNUM'),
(425, 32, 'NEON'),
(426, 32, 'NITRO'),
(427, 32, 'RAM'),
(428, 32, 'STEALTH'),
(429, 32, 'VAN'),
(430, 32, 'VIPER'),
(431, 32, 'W 200'),
(432, 32, 'WAYFARER'),
(433, 32, 'EGYÉB'),
(434, 33, 'DF6'),
(435, 33, 'SERES 3'),
(436, 33, 'T5 EVO'),
(437, 33, 'EGYÉB'),
(438, 34, 'DS 3'),
(439, 34, 'DS 3 CROSSBACK'),
(440, 34, 'DS 4'),
(441, 34, 'DS 5'),
(442, 34, 'DS 7 Crossback'),
(443, 34, 'DS 9'),
(444, 34, 'EGYÉB'),
(445, 35, 'EGYEDI'),
(446, 35, 'EGYÉB'),
(447, 36, 'SAM48'),
(448, 36, 'EGYÉB'),
(449, 37, 'PHAETON'),
(450, 37, 'EGYÉB'),
(451, 38, '296 GTB'),
(452, 38, '296 GTS'),
(453, 38, '328'),
(454, 38, '360'),
(455, 38, '400'),
(456, 38, '458'),
(457, 38, '488'),
(458, 38, '550'),
(459, 38, '599'),
(460, 38, '812 SUPERFAST'),
(461, 38, 'CALIFORNIA'),
(462, 38, 'EGYÉB'),
(463, 38, 'F12 BERLINETTA'),
(464, 38, 'F430'),
(465, 38, 'F8 SPIDER'),
(466, 38, 'F8 TRIBUTO'),
(467, 38, 'FF'),
(468, 38, 'GTC4LUSSO'),
(469, 38, 'MONDIAL'),
(470, 38, 'PORTOFINO'),
(471, 38, 'ROMA'),
(472, 38, 'SF90 SPIDER'),
(473, 38, 'SF90 STRADALE'),
(474, 38, 'TESTAROSSA'),
(475, 38, 'EGYÉB'),
(476, 39, '1100'),
(477, 39, '124'),
(478, 39, '125'),
(479, 39, '127'),
(480, 39, '128'),
(481, 39, '500'),
(482, 39, '500L'),
(483, 39, '500X'),
(484, 39, '600'),
(485, 39, '850'),
(486, 39, 'ALBEA'),
(487, 39, 'ARGENTA'),
(488, 39, 'BARCHETTA'),
(489, 39, 'BRAVA'),
(490, 39, 'BRAVO'),
(491, 39, 'CINQUECENTO'),
(492, 39, 'COUPE'),
(493, 39, 'CROMA'),
(494, 39, 'DOBLO'),
(495, 39, 'DUCATO'),
(496, 39, 'EGYÉB'),
(497, 39, 'FIORINO'),
(498, 39, 'FREEMONT'),
(499, 39, 'FULLBACK'),
(500, 39, 'IDEA'),
(501, 39, 'LINEA'),
(502, 39, 'MAREA'),
(503, 39, 'MARENGO'),
(504, 39, 'MULTIPLA'),
(505, 39, 'PALIO'),
(506, 39, 'PANDA'),
(507, 39, 'PUNTO'),
(508, 39, 'GRANDE PUNTO'),
(509, 39, 'QUBO'),
(510, 39, 'REGATA'),
(511, 39, 'RITMO'),
(512, 39, 'SCUDO'),
(513, 39, 'SEDICI'),
(514, 39, 'SEICENTO'),
(515, 39, 'SPIDER'),
(516, 39, 'STILO'),
(517, 39, 'TALENTO'),
(518, 39, 'TEMPRA'),
(519, 39, 'TIPO'),
(520, 39, 'ULYSSE'),
(521, 39, 'UNO'),
(522, 39, 'X1/9'),
(523, 40, 'KARMA'),
(524, 40, 'EGYÉB'),
(525, 41, 'B-MAX'),
(526, 41, 'BRONCO'),
(527, 41, 'C-MAX'),
(528, 41, 'CAPRI'),
(529, 41, 'CONNECT'),
(530, 41, 'CONSUL'),
(531, 41, 'COUGAR'),
(532, 41, 'COURIER'),
(533, 41, 'CROWN VICTORIA'),
(534, 41, 'E SERIES'),
(535, 41, 'E 350'),
(536, 41, 'ECOSPORT'),
(537, 41, 'EDGE'),
(538, 41, 'EGYÉB'),
(539, 41, 'ESCAPE'),
(540, 41, 'ESCORT'),
(541, 41, 'EXCURSION'),
(542, 41, 'EXPEDITION'),
(543, 41, 'EXPLORER'),
(544, 41, 'F SERIES'),
(545, 41, 'F 100'),
(546, 41, 'F 150'),
(547, 41, 'F 250'),
(548, 41, 'F 350'),
(549, 41, 'FIESTA'),
(550, 41, 'FLEX'),
(551, 41, 'FOCUS'),
(552, 41, 'FOCUS C-MAX'),
(553, 41, 'FREESTAR'),
(554, 41, 'FUSION'),
(555, 41, 'GALAXIE'),
(556, 41, 'GALAXY'),
(557, 41, 'GRANADA'),
(558, 41, 'KA'),
(559, 41, 'STREETKA'),
(560, 41, 'KA+'),
(561, 41, 'KUGA'),
(562, 41, 'LTD'),
(563, 41, 'MAVERICK'),
(564, 41, 'MONDEO'),
(565, 41, 'MUSTANG'),
(566, 41, 'ORION'),
(567, 41, 'PROBE'),
(568, 41, 'PUMA'),
(569, 41, 'RANGER'),
(570, 41, 'S-MAX'),
(571, 41, 'SCORPIO'),
(572, 41, 'SIERRA'),
(573, 41, 'SUPER DELUXE'),
(574, 41, 'TAUNUS'),
(575, 41, 'THUNDERBIRD'),
(576, 41, 'TOURNEO'),
(577, 41, 'TRANSIT'),
(578, 42, 'GX6'),
(579, 42, 'EGYÉB'),
(580, 43, '69'),
(581, 43, 'ELLA'),
(582, 43, 'POBEDA'),
(583, 43, 'EGYÉB'),
(584, 44, 'G70'),
(585, 44, 'G80'),
(586, 44, 'GV60'),
(587, 44, 'GV70'),
(588, 44, 'GV80'),
(589, 44, 'EGYÉB'),
(590, 45, 'TRACKER'),
(591, 45, 'EGYÉB'),
(592, 46, 'ACADIA'),
(593, 46, 'SAVANA'),
(594, 46, 'SIERRA'),
(595, 46, 'SONOMA'),
(596, 46, 'TERRAIN'),
(597, 46, 'YUKON'),
(598, 46, 'EGYÉB'),
(599, 47, 'HAVAL'),
(600, 47, 'H6'),
(601, 47, 'HOVER'),
(602, 47, 'EGYÉB'),
(603, 48, 'EGYÉB'),
(604, 49, 'MINX'),
(605, 49, 'EGYÉB'),
(606, 50, 'ACCORD'),
(607, 50, 'CITY'),
(608, 50, 'CIVIC'),
(609, 50, 'CR-V'),
(610, 50, 'CR-X'),
(611, 50, 'CR-Z'),
(612, 50, 'E:NY1'),
(613, 50, 'FR-V'),
(614, 50, 'HONDA E'),
(615, 50, 'HR-V'),
(616, 50, 'INSIGHT'),
(617, 50, 'INTEGRA'),
(618, 50, 'JAZZ'),
(619, 50, 'LEGEND'),
(620, 50, 'LOGO'),
(621, 50, 'NSX'),
(622, 50, 'ODYSSEY'),
(623, 50, 'PRELUDE'),
(624, 50, 'QUINTETT'),
(625, 50, 'S 2000'),
(626, 50, 'S-MX'),
(627, 50, 'STREAM'),
(628, 50, 'ZR-V'),
(629, 50, 'EGYÉB'),
(630, 51, 'H1'),
(631, 51, 'H2'),
(632, 51, 'H3'),
(633, 51, 'EGYÉB'),
(634, 52, 'ACCENT'),
(635, 52, 'ATOS'),
(636, 52, 'BAYON'),
(637, 52, 'COUPE'),
(638, 52, 'ELANTRA'),
(639, 52, 'GALLOPER'),
(640, 52, 'GENESIS'),
(641, 52, 'GENESIS COUPE'),
(642, 52, 'GET'),
(643, 52, 'GETZ'),
(644, 52, 'GRANDEUR'),
(645, 52, 'H-1'),
(646, 52, 'H-1 STAREX'),
(647, 52, 'I10'),
(648, 52, 'I20'),
(649, 52, 'I30'),
(650, 52, 'I40'),
(651, 52, 'IONIQ'),
(652, 52, 'IONIQ 5'),
(653, 52, 'IONIQ 6'),
(654, 52, 'IX 20'),
(655, 52, 'IX 35'),
(656, 52, 'IX 55'),
(657, 52, 'KONA'),
(658, 52, 'LANTRA'),
(659, 52, 'MATRIX'),
(660, 52, 'NEXO'),
(661, 52, 'SANTA FE'),
(662, 52, 'SONATA'),
(663, 52, 'STARIA'),
(664, 52, 'TERRACAN'),
(665, 52, 'TRAJET'),
(666, 52, 'TUCSON'),
(667, 52, 'VELOSTER'),
(668, 52, 'XG 35'),
(669, 52, 'EGYÉB'),
(670, 53, 'GRENADIER'),
(671, 53, 'EGYÉB'),
(672, 54, 'EX'),
(673, 54, 'EX37'),
(674, 54, 'FX'),
(675, 54, 'G'),
(676, 54, 'G35'),
(677, 54, 'G37'),
(678, 54, 'M'),
(679, 54, 'M30'),
(680, 54, 'M35'),
(681, 54, 'M37'),
(682, 54, 'Q'),
(683, 54, 'Q30'),
(684, 54, 'Q50'),
(685, 54, 'Q60'),
(686, 54, 'Q70'),
(687, 54, 'QX'),
(688, 54, 'QX30'),
(689, 54, 'QX50'),
(690, 54, 'QX55'),
(691, 54, 'QX56'),
(692, 54, 'QX60'),
(693, 54, 'QX70'),
(694, 54, 'QX80'),
(695, 54, 'EGYÉB'),
(696, 55, 'D-MAX'),
(697, 55, 'TROOPER'),
(698, 55, 'EGYÉB'),
(699, 56, 'DAILY'),
(700, 56, 'EGYÉB'),
(701, 57, 'IEV7S'),
(702, 57, 'EGYÉB'),
(703, 58, '420'),
(704, 58, 'DAIMLER'),
(705, 58, 'E-PACE'),
(706, 58, 'F-PACE'),
(707, 58, 'F-TYPE'),
(708, 58, 'I-PACE'),
(709, 58, 'S-TYPE'),
(710, 58, 'SOVEREIGN'),
(711, 58, 'X-TYPE)'),
(712, 58, 'XE'),
(713, 58, 'XF'),
(714, 58, 'XJ'),
(715, 58, 'XJS'),
(716, 58, 'XK'),
(717, 58, 'EGYÉB'),
(718, 59, 'AVENGER'),
(719, 59, 'CHEROKEE'),
(720, 59, 'GRAND CHEROKEE'),
(721, 59, 'CJ'),
(722, 59, 'COMMANDER'),
(723, 59, 'COMPASS'),
(724, 59, 'EGYÉB'),
(725, 59, 'GLADIATOR'),
(726, 59, 'LIBERTY'),
(727, 59, 'PATRIOT'),
(728, 59, 'RENEGADE'),
(729, 59, 'WAGONEER'),
(730, 59, 'WILLYS'),
(731, 59, 'WRANGLER'),
(732, 59, 'EGYÉB'),
(733, 60, 'CARENS'),
(734, 60, 'CARNIVAL'),
(735, 60, 'CEED'),
(736, 60, 'PRO CEED'),
(737, 60, 'CERATO'),
(738, 60, 'CLARUS'),
(739, 60, 'EGYÉB'),
(740, 60, 'EV6'),
(741, 60, 'EV9'),
(742, 60, 'K SERIES'),
(743, 60, 'MAGENTIS'),
(744, 60, 'NIRO'),
(745, 60, 'OPIRUS'),
(746, 60, 'OPTIMA'),
(747, 60, 'PICANTO'),
(748, 60, 'PRIDE'),
(749, 60, 'RETONA'),
(750, 60, 'RIO'),
(751, 60, 'SEPHIA'),
(752, 60, 'SHUMA'),
(753, 60, 'SORENTO'),
(754, 60, 'SOUL'),
(755, 60, 'SPORTAGE'),
(756, 60, 'STINGER'),
(757, 60, 'STONIC'),
(758, 60, 'VENGA'),
(759, 60, 'XCEED'),
(760, 60, 'EGYÉB'),
(761, 61, 'X-BOW'),
(762, 61, 'EGYÉB'),
(763, 62, 'CITY'),
(764, 62, 'EGYÉB'),
(765, 63, '110'),
(766, 63, '2110'),
(767, 63, '112'),
(768, 63, '2112'),
(769, 63, '1200'),
(770, 63, '1300'),
(771, 63, '1500'),
(772, 63, '1600'),
(773, 63, '2102'),
(774, 63, 'EGYÉB'),
(775, 63, 'GRANTA'),
(776, 63, 'KALINA'),
(777, 63, 'NIVA'),
(778, 63, '4X4'),
(779, 63, 'NOVA'),
(780, 63, '2104'),
(781, 63, '2105'),
(782, 63, '2107'),
(783, 63, 'PRIORA'),
(784, 63, '2170'),
(785, 63, 'SAMARA'),
(786, 63, 'VESTA'),
(787, 63, 'ZHIGULI'),
(788, 63, '2101'),
(789, 63, '2103'),
(790, 63, '2106'),
(791, 63, 'EGYÉB'),
(792, 64, 'AVENTADOR'),
(793, 64, 'GALLARDO'),
(794, 64, 'HURACÁN'),
(795, 64, 'URUS'),
(796, 64, 'EGYÉB'),
(797, 65, 'DEDRA'),
(798, 65, 'DELTA'),
(799, 65, 'FULVIA'),
(800, 65, 'KAPPA'),
(801, 65, 'LYBRA'),
(802, 65, 'MUSA'),
(803, 65, 'PHEDRA'),
(804, 65, 'THEMA'),
(805, 65, 'THESIS'),
(806, 65, 'VOYAGER'),
(807, 65, 'YPSILON'),
(808, 65, 'ZETA'),
(809, 65, 'EGYÉB'),
(810, 66, 'DEFENDER'),
(811, 66, 'DISCOVERY'),
(812, 66, 'DISCOVERY SPORT'),
(813, 66, 'FREELANDER'),
(814, 66, 'RANGE ROVER'),
(815, 66, 'EVOQUE'),
(816, 66, 'SPORT'),
(817, 66, 'VELAR'),
(818, 66, 'SERIES'),
(819, 66, 'EGYÉB'),
(820, 67, 'TX'),
(821, 67, 'EGYÉB'),
(822, 68, 'CT'),
(823, 68, 'ES'),
(824, 68, 'GS'),
(825, 68, 'GX'),
(826, 68, 'IS'),
(827, 68, 'LBX'),
(828, 68, 'LC'),
(829, 68, 'LS'),
(830, 68, 'LX'),
(831, 68, 'NX'),
(832, 68, 'RC'),
(833, 68, 'RX'),
(834, 68, 'RZ'),
(835, 68, 'SC'),
(836, 68, 'UX'),
(837, 68, 'EGYÉB'),
(838, 69, 'BE'),
(839, 69, 'BE-UP'),
(840, 69, 'NOVA'),
(841, 69, 'EGYÉB'),
(842, 70, 'AVIATOR'),
(843, 70, 'CONTINENTAL '),
(844, 70, 'MKC'),
(845, 70, 'MKT'),
(846, 70, 'MKX'),
(847, 70, 'MKZ'),
(848, 70, 'NAVIGATOR'),
(849, 70, 'TOWN CAR'),
(850, 70, 'EGYÉB'),
(851, 71, 'TAXI CAB'),
(852, 71, 'EGYÉB'),
(853, 72, 'ELAN'),
(854, 72, 'ELISE'),
(855, 72, 'EMIRA'),
(856, 72, 'EVORA'),
(857, 72, 'EXIGE'),
(858, 72, 'EXIGE S'),
(859, 72, 'EGYÉB'),
(860, 73, 'FX'),
(861, 73, 'FX4'),
(862, 73, 'TX'),
(863, 73, 'TX1'),
(864, 73, 'TX4'),
(865, 73, 'EGYÉB'),
(866, 74, '967'),
(867, 74, 'EGYÉB'),
(868, 75, '01'),
(869, 75, 'EGYÉB'),
(870, 76, 'XUV500'),
(871, 76, 'EGYÉB'),
(872, 77, '800'),
(873, 77, 'GYPSY'),
(874, 77, 'EGYÉB'),
(875, 78, 'BITURBO'),
(876, 78, 'GHIBLI'),
(877, 78, 'GRANCABRIO'),
(878, 78, 'GRANTURISMO'),
(879, 78, 'GRECALE'),
(880, 78, 'LEVANTE'),
(881, 78, 'MERAK'),
(882, 78, 'QUATTROPORTE'),
(883, 78, 'EGYÉB'),
(884, 79, 'RANCHO'),
(885, 79, 'EGYÉB'),
(886, 80, 'EUNIQ 5'),
(887, 80, 'EUNIQ 6'),
(888, 80, 'EGYÉB'),
(889, 81, '57 S'),
(890, 81, '62'),
(891, 81, 'EGYÉB'),
(892, 82, '121'),
(893, 82, '2'),
(894, 82, '3'),
(895, 82, '323'),
(896, 82, '323 F'),
(897, 82, '5'),
(898, 82, '6'),
(899, 82, '626'),
(900, 82, '929'),
(901, 82, 'B 2000'),
(902, 82, 'B 2200'),
(903, 82, 'B 2500'),
(904, 82, 'BT-50'),
(905, 82, 'CX-3'),
(906, 82, 'CX-30'),
(907, 82, 'CX-5'),
(908, 82, 'CX-60'),
(909, 82, 'CX-7'),
(910, 82, 'CX-9'),
(911, 82, 'DEMIO'),
(912, 82, 'MPV'),
(913, 82, 'MX-3'),
(914, 82, 'MX-30'),
(915, 82, 'MX-5'),
(916, 82, 'PREMACY'),
(917, 82, 'RX-7'),
(918, 82, 'RX-8'),
(919, 82, 'TRIBUTE'),
(920, 82, 'XEDOS 9'),
(921, 82, 'EGYÉB'),
(922, 83, '570S'),
(923, 83, '720S'),
(924, 83, 'GT'),
(925, 83, 'MP4-12C'),
(926, 83, 'SENNA'),
(927, 83, 'EGYÉB'),
(928, 84, 'A 45'),
(929, 84, 'C 43'),
(930, 84, 'C 63'),
(931, 84, 'CLA'),
(932, 84, 'CLS'),
(933, 84, 'E 43'),
(934, 84, 'E 53'),
(935, 84, 'E 63'),
(936, 84, 'EGYÉB'),
(937, 84, 'G 63'),
(938, 84, 'GLA'),
(939, 84, 'GLB'),
(940, 84, 'GLC'),
(941, 84, 'GLE'),
(942, 84, 'GLE 43'),
(943, 84, 'GLE 53'),
(944, 84, 'GLE 63'),
(945, 84, 'GLS'),
(946, 84, 'GT'),
(947, 84, 'GT R'),
(948, 84, 'GT S'),
(949, 84, 'S 63'),
(950, 84, 'SL'),
(951, 84, 'SLK'),
(952, 84, 'EGYÉB'),
(953, 85, '170V'),
(954, 85, '190'),
(955, 85, '200'),
(956, 85, '220'),
(957, 85, '230'),
(958, 85, '240'),
(959, 85, '250'),
(960, 85, '260'),
(961, 85, '280'),
(962, 85, '300'),
(963, 85, '420 SEL'),
(964, 85, '500'),
(965, 85, '600'),
(966, 85, 'A-OSZTÁLY'),
(967, 85, 'A 140'),
(968, 85, 'A 150'),
(969, 85, 'A 160'),
(970, 85, 'A 170'),
(971, 85, 'A 180'),
(972, 85, 'A 190'),
(973, 85, 'A 200'),
(974, 85, 'A 210'),
(975, 85, 'A 220'),
(976, 85, 'A 250'),
(977, 85, 'A 35 AMG'),
(978, 85, 'A 45 AMG'),
(979, 85, 'B-OSZTÁLY'),
(980, 85, 'B 150'),
(981, 85, 'B 160'),
(982, 85, 'B 170'),
(983, 85, 'B 180'),
(984, 85, 'B 200'),
(985, 85, 'B 220'),
(986, 85, 'B 250'),
(987, 85, 'B 250 E'),
(988, 85, 'C-OSZTÁLY'),
(989, 85, 'C 160'),
(990, 85, 'C 180'),
(991, 85, 'C 200'),
(992, 85, 'C 220'),
(993, 85, 'C 230'),
(994, 85, 'C 240'),
(995, 85, 'C 250'),
(996, 85, 'C 270'),
(997, 85, 'C 280'),
(998, 85, 'C 30 AMG'),
(999, 85, 'C 300'),
(1000, 85, 'C 320'),
(1001, 85, 'C 350'),
(1002, 85, 'C 400'),
(1003, 85, 'C 43 AMG'),
(1004, 85, 'C 63 AMG'),
(1005, 85, 'CE-OSZTÁLY'),
(1006, 85, 'CE 200'),
(1007, 85, 'CE 300'),
(1008, 85, 'CITAN'),
(1009, 85, 'CL-OSZTÁLY'),
(1010, 85, 'CL 200'),
(1011, 85, 'CL 500'),
(1012, 85, 'CL 55 AMG'),
(1013, 85, 'CL 550'),
(1014, 85, 'CL 600'),
(1015, 85, 'CL 63 AMG'),
(1016, 85, 'CLA-OSZTÁLY'),
(1017, 85, 'CLA 180'),
(1018, 85, 'CLA 200'),
(1019, 85, 'CLA 220'),
(1020, 85, 'CLA 250'),
(1021, 85, 'CLA 45 AMG'),
(1022, 85, 'CLC-OSZTÁLY'),
(1023, 85, 'CLC 180'),
(1024, 85, 'CLC 200'),
(1025, 85, 'CLC 220'),
(1026, 85, 'CLE-OSZTÁLY'),
(1027, 85, 'CLE 200'),
(1028, 85, 'CLE 220'),
(1029, 85, 'CLE 300'),
(1030, 85, 'CLK-OSZTÁLY'),
(1031, 85, 'CLK 200'),
(1032, 85, 'CLK 220'),
(1033, 85, 'CLK 230'),
(1034, 85, 'CLK 240'),
(1035, 85, 'CLK 270'),
(1037, 85, 'CLK 320'),
(1038, 85, 'CLK 350'),
(1039, 85, 'CLK 430'),
(1040, 85, 'CLK 500'),
(1041, 85, 'CLS-OSZTÁLY'),
(1042, 85, 'CLS 250'),
(1043, 85, 'CLS 320'),
(1044, 85, 'CLS 350'),
(1045, 85, 'CLS 400'),
(1046, 85, 'CLS 450'),
(1047, 85, 'CLS 500'),
(1048, 85, 'CLS 55 AMG'),
(1049, 85, 'CLS 63 AMG'),
(1050, 85, 'E-OSZTÁLY'),
(1051, 85, 'E 124'),
(1052, 85, 'E 200'),
(1053, 85, 'E 220'),
(1054, 85, 'E 230'),
(1055, 85, 'E 240'),
(1056, 85, 'E 250'),
(1057, 85, 'E 270'),
(1058, 85, 'E 280'),
(1059, 85, 'E 290'),
(1060, 85, 'E 300'),
(1061, 85, 'E 300 AMG'),
(1062, 85, 'E 320'),
(1063, 85, 'E 350'),
(1064, 85, 'E 400'),
(1065, 85, 'E 420'),
(1066, 85, 'E 430'),
(1067, 85, 'E 450'),
(1068, 85, 'E 50'),
(1069, 85, 'E 500'),
(1070, 85, 'E 60 AMG'),
(1071, 85, 'E 63 AMG'),
(1072, 85, 'EGYÉB'),
(1073, 85, 'EQA'),
(1074, 85, 'EQB'),
(1075, 85, 'EQC'),
(1076, 85, 'EQE'),
(1077, 85, 'EQE 43 AMG'),
(1078, 85, 'EQE 53 AMG'),
(1079, 85, 'EQE SUV'),
(1080, 85, 'EQS'),
(1081, 85, 'EQS SUV'),
(1082, 85, 'EQT'),
(1083, 85, 'EQV'),
(1084, 85, 'G-OSZTÁLY'),
(1085, 85, 'G 250'),
(1086, 85, 'G 270'),
(1087, 85, 'G 280'),
(1088, 85, 'G 300'),
(1089, 85, 'G 320'),
(1090, 85, 'G 350'),
(1091, 85, 'G 400'),
(1092, 85, 'G 500'),
(1093, 85, 'G 55 AMG'),
(1094, 85, 'G 63 AMG'),
(1095, 85, 'GL-OSZTÁLY'),
(1096, 85, 'GL 320'),
(1097, 85, 'GL 350'),
(1098, 85, 'GL 420'),
(1099, 85, 'GL 450'),
(1100, 85, 'GL 500'),
(1101, 85, 'GL 63 AMG'),
(1102, 85, 'GLA-OSZTÁLY'),
(1103, 85, 'GLA 180'),
(1104, 85, 'GLA 200'),
(1105, 85, 'GLA 220'),
(1106, 85, 'GLA 250'),
(1107, 85, 'GLB-OSZTÁLY'),
(1108, 85, 'GLB 180'),
(1109, 85, 'GLB 200'),
(1110, 85, 'GLB 220'),
(1111, 85, 'GLB 250'),
(1112, 85, 'GLC-OSZTÁLY'),
(1113, 85, 'GLC 200'),
(1114, 85, 'GLC 220'),
(1115, 85, 'GLC 250'),
(1116, 85, 'GLC 300'),
(1117, 85, 'GLC 350'),
(1118, 85, 'GLC 400'),
(1119, 85, 'GLC 43 AMG'),
(1120, 85, 'GLE-OSZTÁLY'),
(1121, 85, 'GLE 250'),
(1122, 85, 'GLE 350'),
(1123, 85, 'GLE 400'),
(1124, 85, 'GLE 450'),
(1125, 85, 'GLE 500'),
(1126, 85, 'GLE 580'),
(1127, 85, 'GLK-OSZTÁLY'),
(1128, 85, 'GLK 200'),
(1129, 85, 'GLK 220'),
(1130, 85, 'GLK 250'),
(1131, 85, 'GLK 280'),
(1132, 85, 'GLK 320'),
(1133, 85, 'GLK 350'),
(1134, 85, 'GLS-OSZTÁLY'),
(1135, 85, 'GLS 350'),
(1136, 85, 'GLS 400'),
(1137, 85, 'GLS 500'),
(1138, 85, 'GLS 580'),
(1139, 85, 'GLS 600'),
(1140, 85, 'L 206 D'),
(1141, 85, 'ML-OSZTÁLY'),
(1142, 85, 'ML 250'),
(1143, 85, 'ML 270'),
(1144, 85, 'ML 280'),
(1145, 85, 'ML 300'),
(1146, 85, 'ML 320'),
(1147, 85, 'ML 350'),
(1148, 85, 'ML 400'),
(1149, 85, 'ML 420'),
(1150, 85, 'ML 430'),
(1151, 85, 'ML 450'),
(1152, 85, 'ML 500'),
(1153, 85, 'ML 55 AMG'),
(1154, 85, 'ML 63 AMG'),
(1155, 85, 'R-OSZTÁLY'),
(1156, 85, 'R 280'),
(1157, 85, 'R 300'),
(1158, 85, 'R 320'),
(1159, 85, 'R 350'),
(1160, 85, 'R 500'),
(1161, 85, 'S-OSZTÁLY'),
(1162, 85, 'S 250'),
(1163, 85, 'S 280'),
(1164, 85, 'S 300'),
(1165, 85, 'S 320'),
(1166, 85, 'S 350'),
(1167, 85, 'S 400'),
(1168, 85, 'S 420'),
(1169, 85, 'S 450'),
(1170, 85, 'S 500'),
(1171, 85, 'S 55'),
(1172, 85, 'S 550'),
(1173, 85, 'S 560'),
(1174, 85, 'S 580'),
(1175, 85, 'S 600'),
(1176, 85, 'S 63 AMG'),
(1177, 85, 'SL-OSZTÁLY'),
(1178, 85, 'SL 230'),
(1179, 85, 'SL 280'),
(1180, 85, 'SL 300'),
(1181, 85, 'SL 320'),
(1182, 85, 'SL 350'),
(1183, 85, 'SL 380'),
(1184, 85, 'SL 450'),
(1185, 85, 'SL 500'),
(1186, 85, 'SL 55 AMG'),
(1187, 85, 'SL 560'),
(1188, 85, 'SL 63 AMG'),
(1189, 85, 'SL 65 AMG'),
(1190, 85, 'SLC-OSZTÁLY'),
(1191, 85, 'SLK-OSZTÁLY'),
(1192, 85, 'SLK 200'),
(1193, 85, 'SLK 230'),
(1194, 85, 'SLK 250'),
(1195, 85, 'SLK 280'),
(1196, 85, 'SLK 320'),
(1197, 85, 'SLK 350'),
(1198, 85, 'SLS-OSZTÁLY'),
(1199, 85, 'SLS AMG'),
(1200, 85, 'SPRINTER'),
(1201, 85, 'T-OSZTÁLY'),
(1202, 85, 'V-OSZTÁLY'),
(1203, 85, 'VANEO'),
(1204, 85, 'VARIO'),
(1205, 85, 'VIANO'),
(1206, 85, 'VITO'),
(1207, 85, 'W-OSZTÁLY'),
(1208, 85, 'W 107'),
(1209, 85, 'W 108'),
(1210, 85, 'W 109'),
(1211, 85, 'W 110'),
(1212, 85, 'W 111'),
(1213, 85, 'W 114'),
(1214, 85, 'W 115'),
(1215, 85, 'W 116'),
(1216, 85, 'W 120'),
(1217, 85, 'W 123'),
(1218, 85, 'W 124'),
(1219, 85, 'W 126'),
(1220, 85, 'W 136'),
(1221, 85, 'W 140'),
(1222, 85, 'X1'),
(1223, 85, 'X2'),
(1224, 85, 'X3'),
(1225, 85, 'X4'),
(1226, 85, 'X5'),
(1227, 85, 'X6'),
(1228, 85, 'X7'),
(1229, 86, 'S500'),
(1230, 86, 'S560'),
(1231, 86, 'S580'),
(1232, 86, 'S600'),
(1233, 86, 'S680'),
(1234, 86, 'EGYÉB'),
(1235, 87, 'COUGAR'),
(1236, 87, 'MARQUIS'),
(1237, 87, 'GRAND MARQUIS'),
(1238, 87, 'MONTEREY'),
(1239, 87, 'EGYÉB'),
(1240, 88, 'A'),
(1241, 88, 'B'),
(1242, 88, 'EHS'),
(1243, 88, 'F'),
(1244, 88, 'HS'),
(1245, 88, 'MARVEL R'),
(1246, 88, 'MG4'),
(1247, 88, 'MG5'),
(1248, 88, 'MIDGET'),
(1249, 88, 'TF'),
(1250, 88, 'ZR'),
(1251, 88, 'ZT'),
(1252, 88, 'ZS'),
(1253, 88, 'EGYÉB'),
(1254, 89, 'DUÉ'),
(1255, 89, 'LYRA'),
(1256, 89, 'M8'),
(1257, 89, 'MC2'),
(1258, 89, 'MGO'),
(1259, 89, 'VIRGO'),
(1260, 89, 'EGYÉB'),
(1261, 90, 'CABRIO'),
(1262, 90, 'CLUBMAN'),
(1263, 90, 'COOPER'),
(1264, 90, 'COUNTRYMAN'),
(1265, 90, 'MINI'),
(1266, 90, 'MINI COOPER'),
(1267, 90, 'MINI ONE'),
(1268, 90, 'MORRIS'),
(1269, 90, 'PACEMAN'),
(1270, 90, 'EGYÉB'),
(1271, 91, '3000 GT'),
(1272, 91, 'ASX'),
(1273, 91, 'ATTRAGE'),
(1274, 91, 'CARISMA'),
(1275, 91, 'COLT'),
(1276, 91, 'ECLIPSE'),
(1277, 91, 'ECLIPSE CROSS'),
(1278, 91, 'EGYÉB'),
(1279, 91, 'GALANT'),
(1280, 91, 'GRANDIS'),
(1281, 91, 'I-MIEV'),
(1282, 91, 'L 200'),
(1283, 91, 'L 300'),
(1284, 91, 'L 400'),
(1285, 91, 'LANCER'),
(1286, 91, 'OUTLANDER'),
(1287, 91, 'PAJERO'),
(1288, 91, 'PAJERO PININ'),
(1289, 91, 'PAJERO SPORT'),
(1290, 91, 'SPACE'),
(1291, 91, 'SPACE STAR'),
(1292, 91, 'SPACE WAGON'),
(1293, 92, '4/4'),
(1294, 92, 'EGYÉB'),
(1295, 93, 'MARINA'),
(1296, 93, 'EGYÉB'),
(1297, 94, '1500'),
(1298, 94, '2140'),
(1299, 94, '2142'),
(1300, 94, '408'),
(1301, 94, '412'),
(1302, 94, 'ALEKO'),
(1303, 94, 'EGYÉB'),
(1304, 95, 'PS 160(ERELIS)'),
(1305, 95, 'EGYÉB'),
(1306, 96, '100 NX'),
(1307, 96, '300 ZX'),
(1308, 96, '350 Z'),
(1309, 96, '370 Z'),
(1310, 96, 'ALMERA'),
(1311, 96, 'ALMERA TINO'),
(1312, 96, 'ALTIMA'),
(1313, 96, 'ARIYA'),
(1314, 96, 'ARMADA'),
(1315, 96, 'BLUEBIRD'),
(1316, 96, 'CHERRY'),
(1317, 96, 'EVALIA'),
(1318, 96, 'FIGARO'),
(1319, 96, 'GT-R'),
(1320, 96, 'JUKE'),
(1321, 96, 'LEAF'),
(1322, 96, 'MAXIMA'),
(1323, 96, 'MICRA'),
(1324, 96, 'MICRA C+C'),
(1325, 96, 'MURANO'),
(1326, 96, 'NAVARA'),
(1327, 96, 'NOTE'),
(1328, 96, 'NP300'),
(1329, 96, 'NP300 PICKUP'),
(1330, 96, 'NV200'),
(1331, 96, 'NV300'),
(1332, 96, 'NV400'),
(1333, 96, 'PATHFINDER'),
(1334, 96, 'PATROL'),
(1335, 96, 'PICK UP'),
(1336, 96, 'PIXO'),
(1337, 96, 'PRAIRIE'),
(1338, 96, 'PRIMASTAR'),
(1339, 96, 'PRIMERA'),
(1340, 96, 'PRIMERA WAGON'),
(1341, 96, 'PULSAR'),
(1342, 96, 'QASHQAI'),
(1343, 96, 'QASHQAI+2'),
(1344, 96, 'QUEST'),
(1345, 96, 'SENTRA'),
(1346, 96, 'SERENA'),
(1347, 96, 'SILVIA'),
(1348, 96, 'SKYLINE'),
(1349, 96, 'SUNNY'),
(1350, 96, 'TERRANO'),
(1351, 96, 'TIIDA'),
(1352, 96, 'TOWNSTAR'),
(1353, 96, 'VANETTE'),
(1354, 96, 'X-TRAIL'),
(1355, 96, 'XTERRA'),
(1356, 96, 'EGYÉB'),
(1357, 97, '1000'),
(1358, 97, 'PRINZ'),
(1359, 97, 'EGYÉB'),
(1360, 98, 'CUTLASS'),
(1361, 98, 'DELTA'),
(1362, 98, 'F-85'),
(1363, 98, 'OMEGA'),
(1364, 98, 'REGENCY'),
(1365, 98, 'EGYÉB'),
(1366, 99, 'ADAM'),
(1367, 99, 'AGILA'),
(1368, 99, 'AMPERA'),
(1369, 99, 'ANTARA'),
(1370, 99, 'ASCONA'),
(1371, 99, 'ASCONA C'),
(1372, 99, 'ASTRA'),
(1373, 99, 'ASTRA F'),
(1374, 99, 'ASTRA G'),
(1375, 99, 'ASTRA H'),
(1376, 99, 'ASTRA J'),
(1377, 99, 'ASTRA K'),
(1378, 99, 'ASTRA L'),
(1379, 99, 'CALIBRA'),
(1380, 99, 'CASCADA'),
(1381, 99, 'COMBO'),
(1382, 99, 'COMMODORE'),
(1383, 99, 'CORSA'),
(1384, 99, 'CORSA A'),
(1385, 99, 'CORSA B'),
(1386, 99, 'CORSA C'),
(1387, 99, 'CORSA COMBO'),
(1388, 99, 'CORSA D'),
(1389, 99, 'CORSA E'),
(1390, 99, 'CORSA F'),
(1391, 99, 'CROSSLAND'),
(1392, 99, 'CROSSLAND X'),
(1393, 99, 'EGYÉB'),
(1394, 99, 'FRONTERA'),
(1395, 99, 'GRANDLAND'),
(1396, 99, 'GRANDLAND X'),
(1397, 99, 'GT'),
(1398, 99, 'INSIGNIA'),
(1399, 99, 'KADETT'),
(1400, 99, 'KADETT B'),
(1401, 99, 'KADETT C'),
(1402, 99, 'KADETT D'),
(1403, 99, 'KADETT E'),
(1404, 99, 'KAPITAN'),
(1405, 99, 'KARL'),
(1406, 99, 'MANTA'),
(1407, 99, 'MERIVA'),
(1408, 99, 'MERIVA A'),
(1409, 99, 'MERIVA B'),
(1410, 99, 'MOKKA'),
(1411, 99, 'MOKKA X'),
(1412, 99, 'MONTEREY'),
(1413, 99, 'MOVANO'),
(1414, 99, 'OMEGA'),
(1415, 99, 'OMEGA A'),
(1416, 99, 'OMEGA B'),
(1417, 99, 'OMEGA C'),
(1418, 99, 'REKORD'),
(1419, 99, 'REKORD C'),
(1420, 99, 'REKORD E'),
(1421, 99, 'ROCKS'),
(1422, 99, 'SENATOR'),
(1423, 99, 'SIGNUM'),
(1424, 99, 'SPEEDSTER'),
(1425, 99, 'TIGRA'),
(1426, 99, 'TIGRA TT'),
(1427, 99, 'VECTRA'),
(1428, 99, 'VECTRA A'),
(1429, 99, 'VECTRA B'),
(1430, 99, 'VECTRA C'),
(1431, 99, 'VIVARO'),
(1432, 99, 'ZAFIRA'),
(1433, 99, 'ZAFIRA A'),
(1434, 99, 'ZAFIRA B'),
(1435, 99, 'ZAFIRA TOURER'),
(1436, 99, 'ZAFIRA LIFE'),
(1437, 100, '1007'),
(1438, 100, '104'),
(1439, 100, '106'),
(1440, 100, '107'),
(1441, 100, '108'),
(1442, 100, '2008'),
(1443, 100, '201'),
(1444, 100, '204'),
(1445, 100, '205'),
(1446, 100, '206'),
(1447, 100, '207'),
(1448, 100, '208'),
(1449, 100, '3008'),
(1450, 100, '301'),
(1451, 100, '304'),
(1452, 100, '306'),
(1453, 100, '307'),
(1454, 100, '308'),
(1455, 100, '309'),
(1456, 100, '4007'),
(1457, 100, '4008'),
(1458, 100, '402'),
(1459, 100, '405'),
(1460, 100, '406'),
(1461, 100, '407'),
(1462, 100, '408'),
(1463, 100, '5008'),
(1464, 100, '505'),
(1465, 100, '508'),
(1466, 100, '605'),
(1467, 100, '607'),
(1468, 100, '806'),
(1469, 100, '807'),
(1470, 100, 'BIPPER'),
(1471, 100, 'BOXER'),
(1472, 100, 'EXPERT'),
(1473, 100, 'ION'),
(1474, 100, 'PARTNER'),
(1475, 100, 'RCZ'),
(1476, 100, 'RIFTER'),
(1477, 100, 'TRAVELLER'),
(1478, 100, 'EGYÉB'),
(1479, 101, 'BREEZE'),
(1480, 101, 'SUBURBAN'),
(1481, 101, 'EGYÉB'),
(1482, 102, 'SLINGSHOT'),
(1483, 102, 'EGYÉB'),
(1484, 103, '2'),
(1485, 103, 'EGYÉB'),
(1486, 104, '125'),
(1487, 104, '126'),
(1488, 104, 'EGYÉB'),
(1489, 105, 'FIERO'),
(1490, 105, 'FIREBIRD'),
(1491, 105, 'GRAND AM'),
(1492, 105, 'GRAND PRIX'),
(1493, 105, 'GTO'),
(1494, 105, 'SOLSTICE'),
(1495, 105, 'SUNFIRE'),
(1496, 105, 'TEMPEST'),
(1497, 105, 'TRANS SPORT'),
(1498, 105, 'EGYÉB'),
(1499, 106, '718'),
(1500, 106, '911'),
(1501, 106, '924'),
(1502, 106, '928'),
(1503, 106, '930'),
(1504, 106, '944'),
(1505, 106, '964'),
(1506, 106, '968'),
(1507, 106, '991'),
(1508, 106, '992'),
(1509, 106, '993'),
(1510, 106, '996'),
(1511, 106, 'BOXSTER'),
(1512, 106, 'CAYENNE'),
(1513, 106, 'CAYMAN'),
(1514, 106, 'MACAN'),
(1515, 106, 'PANAMERA'),
(1516, 106, 'TAYCAN'),
(1517, 106, 'EGYÉB'),
(1518, 107, '400'),
(1519, 107, '413'),
(1520, 107, 'EGYÉB'),
(1521, 108, '5 CTL'),
(1522, 108, 'ALPINE'),
(1523, 108, 'ARKANA'),
(1524, 108, 'AUSTRAL'),
(1525, 108, 'AVANTIME'),
(1526, 108, 'CAPTUR'),
(1527, 108, 'CELTAQUATRE'),
(1528, 108, 'CLIO'),
(1529, 108, 'ESPACE'),
(1530, 108, 'GRAND ESPACE'),
(1531, 108, 'FLUENCE'),
(1532, 108, 'FUEGO'),
(1533, 108, 'JUVAQUATRE'),
(1534, 108, 'KADJAR'),
(1535, 108, 'KANGOO'),
(1536, 108, 'KOLEOS'),
(1537, 108, 'LAGUNA'),
(1538, 108, 'LATITUDE'),
(1539, 108, 'MASTER'),
(1540, 108, 'MEGANE'),
(1541, 108, 'MODUS'),
(1542, 108, 'GRAND MODUS'),
(1543, 108, 'R 11'),
(1544, 108, 'R 12'),
(1545, 108, 'R 16'),
(1546, 108, 'R 19'),
(1547, 108, 'R 21'),
(1548, 108, 'R 25'),
(1549, 108, 'R 4'),
(1550, 108, 'R 5'),
(1551, 108, 'R 9'),
(1552, 108, 'SAFRANE'),
(1553, 108, 'SCENIC'),
(1554, 108, 'GRAND SCENIC'),
(1555, 108, 'SCENIC XMOD'),
(1556, 108, 'TALISMAN'),
(1557, 108, 'THALIA'),
(1558, 108, 'TRAFIC'),
(1559, 108, 'TWINGO'),
(1560, 108, 'TWIZY'),
(1561, 108, 'VEL SATIS'),
(1562, 108, 'WIND'),
(1563, 108, 'ZOE'),
(1564, 108, 'EGYÉB'),
(1565, 109, 'REPLIKÁK'),
(1566, 109, 'EGYÉB'),
(1567, 110, 'CORNICHE'),
(1568, 110, 'EGYÉB'),
(1569, 110, 'GHOST'),
(1570, 110, 'PHANTOM'),
(1571, 110, 'SILVER CLOUD'),
(1572, 110, 'SILVER SHADOW'),
(1573, 110, 'SILVER SPUR'),
(1574, 110, 'EGYÉB'),
(1575, 111, '100'),
(1576, 111, '200'),
(1577, 111, '214'),
(1578, 111, '216'),
(1579, 111, '25'),
(1580, 111, '45'),
(1581, 111, '600'),
(1582, 111, '620'),
(1583, 111, '75'),
(1584, 111, '800'),
(1585, 111, '820'),
(1586, 111, '825'),
(1587, 111, 'EGYÉB'),
(1588, 112, '9-3'),
(1589, 112, '9-3 X'),
(1590, 112, '9-5'),
(1591, 112, '900'),
(1592, 112, '9000'),
(1593, 112, '99'),
(1594, 112, 'EGYÉB'),
(1595, 113, 'EGYÉB'),
(1596, 114, 'ALHAMBRA'),
(1597, 114, 'ALTEA'),
(1598, 114, 'ARONA'),
(1599, 114, 'AROSA'),
(1600, 114, 'ATECA'),
(1601, 114, 'CORDOBA'),
(1602, 114, 'EXEO'),
(1603, 114, 'FURA'),
(1604, 114, 'IBIZA'),
(1605, 114, 'LEON'),
(1606, 114, 'MARBELLA'),
(1607, 114, 'MII'),
(1608, 114, 'TARRACO'),
(1609, 114, 'TOLEDO'),
(1610, 114, 'EGYÉB'),
(1611, 115, '100'),
(1612, 115, '1000MB'),
(1613, 115, '105'),
(1614, 115, '120'),
(1615, 115, 'CITIGO'),
(1616, 115, 'COUPE'),
(1617, 115, 'ENYAQ'),
(1618, 115, 'FABIA'),
(1619, 115, 'FAVORIT'),
(1620, 115, 'FELICIA'),
(1621, 115, 'FORMAN'),
(1622, 115, 'KAMIQ'),
(1623, 115, 'KAROQ'),
(1624, 115, 'KODIAQ'),
(1625, 115, 'OCTAVIA'),
(1626, 115, 'RAPID'),
(1627, 115, 'ROOMSTER'),
(1628, 115, 'SCALA'),
(1629, 115, 'SPARTAK'),
(1630, 115, 'SUPERB'),
(1631, 115, 'YETI'),
(1632, 114, 'EGYÉB'),
(1633, 116, 'CROSSBLADE'),
(1634, 116, 'FORFOUR'),
(1635, 116, 'FORTWO'),
(1636, 116, 'FORTWO BRABUS'),
(1637, 116, 'FORTWO CABRIO'),
(1638, 116, 'FORTWO CITY COUPE'),
(1639, 116, 'FORTWO COUPE'),
(1640, 116, 'FORTWO PASSION'),
(1641, 116, 'FORTWO PULSE'),
(1642, 116, 'ROADSTER'),
(1643, 116, 'EGYÉB'),
(1644, 117, 'SPORT CONVERTIBLE'),
(1645, 117, 'EGYÉB'),
(1646, 118, 'ACTYON'),
(1647, 118, 'ACTYON SPORTS'),
(1648, 118, 'KORANDO'),
(1649, 118, 'KYRON'),
(1650, 118, 'MUSSO'),
(1651, 118, 'REXTON'),
(1652, 118, 'RODIUS'),
(1653, 118, 'TIVOLI'),
(1654, 118, 'TIVOLI GRAND'),
(1655, 118, 'TORRES'),
(1656, 118, 'XLV'),
(1657, 118, 'EGYÉB'),
(1658, 119, 'HAFLINGER'),
(1659, 119, 'PINZGAUER'),
(1660, 119, 'EGYÉB'),
(1661, 120, 'B9 TRIBECA'),
(1662, 120, 'BAJA'),
(1663, 120, 'BRZ'),
(1664, 120, 'CROSSTREK'),
(1665, 120, 'FORESTER'),
(1666, 120, 'IMPREZA'),
(1667, 120, 'WRX'),
(1668, 120, 'JUSTY'),
(1669, 120, 'LEGACY'),
(1670, 120, 'LEONE'),
(1671, 120, 'LIBERO'),
(1672, 120, 'OUTBACK'),
(1673, 120, 'SOLTERRA'),
(1674, 120, 'SVX'),
(1675, 120, 'TREZIA'),
(1676, 120, 'XT'),
(1677, 120, 'XV'),
(1678, 120, 'EGYÉB'),
(1679, 121, 'ACROSS'),
(1680, 121, 'ALTO'),
(1681, 121, 'BALENO'),
(1682, 121, 'CARRY'),
(1683, 121, 'CELERIO'),
(1684, 121, 'FORENZA'),
(1685, 121, 'IGNIS'),
(1686, 121, 'JIMNY'),
(1687, 121, 'KIZASHI'),
(1688, 121, 'LIANA'),
(1689, 121, 'LJ 80'),
(1690, 121, 'S-CROSS'),
(1691, 121, 'SJ 41'),
(1692, 121, 'SJ SAMURAI'),
(1693, 121, 'SPLASH'),
(1694, 121, 'SWACE'),
(1695, 121, 'SWIFT'),
(1696, 121, 'SX4'),
(1697, 121, 'SX4 S-CROSS'),
(1698, 121, 'VITARA'),
(1699, 121, 'GRAND VITARA'),
(1701, 121, 'WAGON R+'),
(1702, 121, 'X-90'),
(1703, 121, 'EGYÉB'),
(1704, 122, 'HORIZON'),
(1705, 122, 'MATRA RANCHO'),
(1706, 122, 'EGYÉB'),
(1707, 123, 'INDICA'),
(1708, 123, 'SAFARI'),
(1709, 123, 'TELCOLINE'),
(1710, 123, 'XENON'),
(1711, 123, 'EGYÉB'),
(1712, 124, 'T603'),
(1713, 124, 'EGYÉB'),
(1714, 125, '1102'),
(1715, 125, 'EGYÉB'),
(1716, 126, 'MODEL 3'),
(1717, 126, 'MODEL S'),
(1718, 126, 'MODEL X'),
(1719, 126, 'MODEL Y'),
(1720, 126, 'ROADSTER'),
(1721, 126, 'EGYÉB'),
(1722, 127, 'CITY'),
(1723, 127, 'EGYÉB'),
(1724, 128, '4 RUNNER'),
(1725, 128, 'AURIS'),
(1726, 128, 'AVENSIS'),
(1727, 128, 'AVENSIS VERSO'),
(1728, 128, 'AYGO'),
(1729, 128, 'BZ4X'),
(1730, 128, 'C-HR'),
(1731, 128, 'CAMRY'),
(1732, 128, 'CARINA'),
(1733, 128, 'CELICA'),
(1734, 128, 'CENTURY'),
(1735, 128, 'COROLLA'),
(1736, 128, 'COROLLA VERSO'),
(1737, 128, 'COROLLA CROSS'),
(1738, 128, 'CORONA'),
(1739, 128, 'FJ CRUISER'),
(1740, 128, 'GR86'),
(1741, 128, 'GT86'),
(1742, 128, 'HI LUX'),
(1743, 128, 'HI-ACE'),
(1744, 128, 'HIGHLANDER'),
(1745, 128, 'IQ'),
(1746, 128, 'LAND CRUISER'),
(1747, 128, 'LITE-ACE'),
(1748, 128, 'MIRAI'),
(1749, 128, 'MR 2'),
(1750, 128, 'PASEO'),
(1751, 128, 'PREVIA'),
(1752, 128, 'PRIUS'),
(1753, 128, 'PRIUS C'),
(1754, 128, 'PRIUS PLUG-IN'),
(1755, 128, 'PRIUS+'),
(1756, 128, 'PROACE'),
(1757, 128, 'RAV 4'),
(1758, 128, 'SEQUOIA'),
(1759, 128, 'SIENNA'),
(1760, 128, 'STARLET'),
(1761, 128, 'SUPRA'),
(1762, 128, 'TACOMA'),
(1763, 128, 'TERCEL'),
(1764, 128, 'TUNDRA'),
(1765, 128, 'URBAN CRUISER'),
(1766, 128, 'VERSO'),
(1767, 128, 'VERSO-S'),
(1768, 128, 'YARIS'),
(1769, 128, 'YARIS S'),
(1770, 128, 'YARIS VERSO'),
(1771, 128, 'YARIS CROSS'),
(1772, 128, 'EGYÉB'),
(1773, 129, '1.1'),
(1774, 129, '600'),
(1775, 129, '601'),
(1776, 129, 'EGYÉB'),
(1777, 130, 'SPITFIRE'),
(1778, 130, 'TR6'),
(1779, 130, 'TR7'),
(1780, 130, 'VITESSE'),
(1781, 130, 'EGYÉB'),
(1782, 131, '452'),
(1783, 131, '469'),
(1784, 131, 'HUNTER'),
(1785, 131, 'PATRIOT'),
(1786, 131, 'EGYÉB'),
(1787, 132, 'CAVALIER'),
(1788, 132, 'OMEGA'),
(1789, 132, 'EGYÉB'),
(1790, 133, 'VELOREX 16/350'),
(1791, 133, 'EGYÉB'),
(1792, 134, 'EGYEDI'),
(1793, 134, 'EGYÉB'),
(1794, 135, '2402'),
(1795, 135, '3111'),
(1796, 135, 'M 21'),
(1797, 135, 'M 24'),
(1798, 135, 'EGYÉB'),
(1799, 136, 'AMAROK'),
(1800, 136, 'ARTEON'),
(1801, 136, 'BEETLE'),
(1802, 136, 'BOGÁR (KÄFER)'),
(1803, 136, 'BOGÁR 1200'),
(1804, 136, 'BOGÁR 1300'),
(1805, 136, 'BOGÁR 1302'),
(1806, 136, 'BOGÁR 1303'),
(1807, 136, 'BORA'),
(1808, 136, 'BUGGY'),
(1809, 136, 'CADDY'),
(1810, 136, 'CADDY LIFE'),
(1811, 136, 'CADDY MAXI'),
(1812, 136, 'CALIFORNIA'),
(1813, 136, 'CARAVELLE'),
(1814, 136, 'CC'),
(1815, 136, 'CORRADO'),
(1816, 136, 'CRAFTER'),
(1817, 136, 'EOS'),
(1818, 136, 'FOX'),
(1819, 136, 'GOLF'),
(1820, 136, 'GOLF I'),
(1821, 136, 'GOLF II'),
(1822, 136, 'GOLF III'),
(1823, 136, 'GOLF IV'),
(1824, 136, 'GOLF PLUS'),
(1825, 136, 'GOLF SPORTSVAN'),
(1826, 136, 'GOLF V'),
(1827, 136, 'GOLF VI'),
(1828, 136, 'GOLF VII'),
(1829, 136, 'GOLF VIII'),
(1830, 136, 'ID. BUZZ'),
(1831, 136, 'ID.3'),
(1832, 136, 'ID.4'),
(1833, 136, 'ID.5'),
(1834, 136, 'ID.7'),
(1835, 136, 'ILTIS'),
(1836, 136, 'JETTA'),
(1837, 136, 'JETTA I'),
(1838, 136, 'JETTA II'),
(1839, 136, 'JETTA V'),
(1840, 136, 'JETTA VI'),
(1841, 136, 'KARMANN GHIA'),
(1842, 136, 'LT'),
(1843, 136, 'LUPO'),
(1844, 136, 'MULTIVAN'),
(1845, 136, 'NEW BEETLE'),
(1846, 136, 'PASSAT'),
(1847, 136, 'PASSAT ALLTRACK'),
(1848, 136, 'PASSAT CC'),
(1849, 136, 'PASSAT I'),
(1850, 136, 'PASSAT II'),
(1851, 136, 'PASSAT III'),
(1852, 136, 'PASSAT IV'),
(1853, 136, 'PASSAT V'),
(1854, 136, 'PASSAT VI'),
(1855, 136, 'PASSAT VII'),
(1856, 136, 'PASSAT VIII'),
(1857, 136, 'PHAETON'),
(1858, 136, 'POLO'),
(1859, 136, 'POLO I'),
(1860, 136, 'POLO II'),
(1861, 136, 'POLO III'),
(1862, 136, 'POLO IV'),
(1863, 136, 'POLO V'),
(1864, 136, 'POLO VAN'),
(1865, 136, 'POLO VI'),
(1866, 136, 'ROUTAN'),
(1867, 136, 'SANTANA'),
(1868, 136, 'SCIROCCO'),
(1869, 136, 'SHARAN'),
(1870, 136, 'T-CROSS'),
(1871, 136, 'T-ROC'),
(1872, 136, 'TAIGO'),
(1873, 136, 'TIGUAN'),
(1874, 136, 'TIGUAN ALLSPACE'),
(1875, 136, 'TOUAREG'),
(1876, 136, 'TOURAN'),
(1877, 136, 'TRANSPORTER'),
(1878, 136, 'TRANSPORTER T1'),
(1879, 136, 'TRANSPORTER T2'),
(1880, 136, 'TRANSPORTER T3'),
(1881, 136, 'TRANSPORTER T4'),
(1882, 136, 'TRANSPORTER T5'),
(1883, 136, 'TRANSPORTER T6'),
(1884, 136, 'TYP 181'),
(1885, 136, 'TYP 3'),
(1886, 136, 'TYP 4'),
(1887, 136, '411'),
(1888, 136, 'UP'),
(1889, 136, 'VENTO'),
(1890, 136, 'EGYÉB'),
(1891, 137, '100-AS SOROZAT'),
(1892, 137, '142'),
(1893, 137, '1800'),
(1894, 137, '200-AS SOROZAT'),
(1895, 137, '240'),
(1896, 137, '244'),
(1897, 137, '245'),
(1898, 137, '400-AS SOROZAT'),
(1899, 137, '440'),
(1901, 137, '460'),
(1902, 137, '480'),
(1903, 137, '66'),
(1904, 137, '700-AS SOROZAT'),
(1905, 137, '760'),
(1906, 137, '850'),
(1907, 137, '900-AS SOROZAT'),
(1908, 137, '940'),
(1909, 137, 'AMAZON'),
(1910, 137, 'C30'),
(1911, 137, 'C40'),
(1912, 137, 'C70'),
(1913, 137, 'EX30'),
(1914, 137, 'EX90'),
(1915, 137, 'S40'),
(1916, 137, 'S60'),
(1917, 137, 'S70'),
(1918, 137, 'S80'),
(1919, 137, 'S90'),
(1920, 137, 'V40'),
(1921, 137, 'V50'),
(1922, 137, 'V60'),
(1923, 137, 'V70'),
(1924, 137, 'V90'),
(1925, 137, 'XC40'),
(1926, 137, 'XC60'),
(1927, 137, 'XC70'),
(1928, 137, 'XC90'),
(1930, 137, 'EGYÉB'),
(1931, 138, '1.3'),
(1932, 138, '1000'),
(1933, 138, '311'),
(1934, 138, '353'),
(1935, 138, 'EGYÉB'),
(1936, 139, 'ROADSTER'),
(1937, 139, 'EGYÉB'),
(1938, 140, 'YOYO'),
(1939, 140, 'EGYÉB'),
(1940, 141, '966'),
(1941, 141, '968'),
(1942, 141, 'EGYÉB'),
(1943, 142, '101'),
(1944, 142, '1100'),
(1945, 142, '750'),
(1946, 142, 'AR 55'),
(1947, 142, 'GTL 55'),
(1948, 142, 'EGYÉB'),
(1949, 143, 'D2'),
(1950, 143, 'EGYÉB'),
(1951, 144, 'EGYÉB'),
(1952, 145, 'EGYÉB');

-- --------------------------------------------------------

--
-- Tábla szerkezet ehhez a táblához `user`
--

CREATE TABLE `user` (
  `userid` int(11) NOT NULL,
  `username` text NOT NULL,
  `email` text NOT NULL,
  `password` text NOT NULL,
  `phonenumber` text DEFAULT NULL,
  `profilepicture` text DEFAULT NULL,
  `admin` tinyint(1) NOT NULL DEFAULT 0
) ENGINE=InnoDB DEFAULT CHARSET=utf8mb4 COLLATE=utf8mb4_hungarian_ci;

--
-- A tábla adatainak kiíratása `user`
--

INSERT INTO `user` (`userid`, `username`, `email`, `password`, `phonenumber`, `profilepicture`, `admin`) VALUES
(1, 'admin', 'admin@admin.admin', '$2b$10$KnYT873Hq2dth..Vx4GAqehbV83oShAOorjLEUWAIvVbMHpZXrzde', NULL, NULL, 1);

--
-- Indexek a kiírt táblákhoz
--

--
-- A tábla indexei `hasznaltalkatresz`
--
ALTER TABLE `hasznaltalkatresz`
  ADD PRIMARY KEY (`id`),
  ADD KEY `userid` (`userid`,`markaid`,`modelid`),
  ADD KEY `modelid` (`modelid`),
  ADD KEY `markaid` (`markaid`);

--
-- A tábla indexei `hasznaltalkatreszpics`
--
ALTER TABLE `hasznaltalkatreszpics`
  ADD PRIMARY KEY (`id`),
  ADD KEY `hasznaltalkatreszid` (`hasznaltalkatreszid`);

--
-- A tábla indexei `hasznaltauto`
--
ALTER TABLE `hasznaltauto`
  ADD PRIMARY KEY (`id`),
  ADD KEY `markaid` (`markaid`),
  ADD KEY `modelid` (`modelid`),
  ADD KEY `userid` (`userid`),
  ADD KEY `kivitelid` (`kivitelid`);

--
-- A tábla indexei `hasznaltautopics`
--
ALTER TABLE `hasznaltautopics`
  ADD PRIMARY KEY (`id`),
  ADD KEY `hasznalautoid` (`hasznalautoid`);

--
-- A tábla indexei `kivitel`
--
ALTER TABLE `kivitel`
  ADD PRIMARY KEY (`id`);

--
-- A tábla indexei `marka`
--
ALTER TABLE `marka`
  ADD PRIMARY KEY (`id`);

--
-- A tábla indexei `model`
--
ALTER TABLE `model`
  ADD PRIMARY KEY (`id`),
  ADD KEY `markaid` (`markaid`);

--
-- A tábla indexei `user`
--
ALTER TABLE `user`
  ADD PRIMARY KEY (`userid`);

--
-- A kiírt táblák AUTO_INCREMENT értéke
--

--
-- AUTO_INCREMENT a táblához `hasznaltalkatresz`
--
ALTER TABLE `hasznaltalkatresz`
  MODIFY `id` int(11) NOT NULL AUTO_INCREMENT, AUTO_INCREMENT=10;

--
-- AUTO_INCREMENT a táblához `hasznaltalkatreszpics`
--
ALTER TABLE `hasznaltalkatreszpics`
  MODIFY `id` int(11) NOT NULL AUTO_INCREMENT, AUTO_INCREMENT=8;

--
-- AUTO_INCREMENT a táblához `hasznaltauto`
--
ALTER TABLE `hasznaltauto`
  MODIFY `id` int(11) NOT NULL AUTO_INCREMENT, AUTO_INCREMENT=4;

--
-- AUTO_INCREMENT a táblához `hasznaltautopics`
--
ALTER TABLE `hasznaltautopics`
  MODIFY `id` int(11) NOT NULL AUTO_INCREMENT, AUTO_INCREMENT=9;

--
-- AUTO_INCREMENT a táblához `kivitel`
--
ALTER TABLE `kivitel`
  MODIFY `id` int(11) NOT NULL AUTO_INCREMENT, AUTO_INCREMENT=17;

--
-- AUTO_INCREMENT a táblához `marka`
--
ALTER TABLE `marka`
  MODIFY `id` int(11) NOT NULL AUTO_INCREMENT, AUTO_INCREMENT=146;

--
-- AUTO_INCREMENT a táblához `model`
--
ALTER TABLE `model`
  MODIFY `id` int(11) NOT NULL AUTO_INCREMENT, AUTO_INCREMENT=1953;

--
-- AUTO_INCREMENT a táblához `user`
--
ALTER TABLE `user`
  MODIFY `userid` int(11) NOT NULL AUTO_INCREMENT, AUTO_INCREMENT=9;

--
-- Megkötések a kiírt táblákhoz
--

--
-- Megkötések a táblához `hasznaltalkatresz`
--
ALTER TABLE `hasznaltalkatresz`
  ADD CONSTRAINT `hasznaltalkatresz_ibfk_1` FOREIGN KEY (`userid`) REFERENCES `user` (`userid`) ON DELETE CASCADE ON UPDATE CASCADE,
  ADD CONSTRAINT `hasznaltalkatresz_ibfk_2` FOREIGN KEY (`modelid`) REFERENCES `model` (`id`) ON DELETE CASCADE ON UPDATE CASCADE,
  ADD CONSTRAINT `hasznaltalkatresz_ibfk_3` FOREIGN KEY (`markaid`) REFERENCES `marka` (`id`) ON DELETE CASCADE ON UPDATE CASCADE;

--
-- Megkötések a táblához `hasznaltalkatreszpics`
--
ALTER TABLE `hasznaltalkatreszpics`
  ADD CONSTRAINT `hasznaltalkatreszpics_ibfk_1` FOREIGN KEY (`hasznaltalkatreszid`) REFERENCES `hasznaltalkatresz` (`id`) ON DELETE CASCADE ON UPDATE CASCADE;

--
-- Megkötések a táblához `hasznaltauto`
--
ALTER TABLE `hasznaltauto`
  ADD CONSTRAINT `hasznaltauto_ibfk_1` FOREIGN KEY (`userid`) REFERENCES `user` (`userid`) ON DELETE CASCADE ON UPDATE CASCADE,
  ADD CONSTRAINT `hasznaltauto_ibfk_2` FOREIGN KEY (`markaid`) REFERENCES `marka` (`id`) ON DELETE CASCADE ON UPDATE CASCADE,
  ADD CONSTRAINT `hasznaltauto_ibfk_3` FOREIGN KEY (`modelid`) REFERENCES `model` (`id`) ON DELETE CASCADE ON UPDATE CASCADE,
  ADD CONSTRAINT `hasznaltauto_ibfk_4` FOREIGN KEY (`kivitelid`) REFERENCES `kivitel` (`id`) ON DELETE CASCADE ON UPDATE CASCADE;

--
-- Megkötések a táblához `hasznaltautopics`
--
ALTER TABLE `hasznaltautopics`
  ADD CONSTRAINT `hasznaltautopics_ibfk_1` FOREIGN KEY (`hasznalautoid`) REFERENCES `hasznaltauto` (`id`) ON DELETE CASCADE ON UPDATE CASCADE;

--
-- Megkötések a táblához `model`
--
ALTER TABLE `model`
  ADD CONSTRAINT `model_ibfk_1` FOREIGN KEY (`markaid`) REFERENCES `marka` (`id`) ON DELETE CASCADE ON UPDATE CASCADE;
COMMIT;

/*!40101 SET CHARACTER_SET_CLIENT=@OLD_CHARACTER_SET_CLIENT */;
/*!40101 SET CHARACTER_SET_RESULTS=@OLD_CHARACTER_SET_RESULTS */;
/*!40101 SET COLLATION_CONNECTION=@OLD_COLLATION_CONNECTION */;
